pos;SOVEREIGN1;total_area_abs;total_area_rel
1;Australia;44485,256;16,870
2;Indonesia;40208,684;15,248
3;Philippines;25677,386;9,738
4;France;16494,223;6,255
5;Papua New Guinea;14990,053;5,685
6;United States;7128,166;2,703
7;Fiji;7053,110;2,675
8;Solomon Islands;6918,328;2,624
9;Saudi Arabia;5926,525;2,248
10;Maldives;5330,743;2,022
11;Cuba;5319,867;2,017
12;Micronesia;5003,896;1,898
13;United Kingdom;4622,623;1,753
14;Bahamas;4517,643;1,713
15;Madagascar;4159,959;1,578
16;Marshall Islands;3629,228;1,376
17;India;3583,090;1,359
18;Malaysia;3382,670;1,283
19;Egypt;3148,005;1,194
20;Kiribati;3063,658;1,162
21;Tanzania;3033,921;1,151
22;Mozambique;2536,396;0,962
23;Sudan;2312,534;0,877
24;Eritrea;2288,031;0,868
25;Japan;1982,370;0,752
26;Seychelles;1935,206;0,734
27;Belize;1921,322;0,729
28;Vanuatu;1888,337;0,716
29;Tonga;1774,549;0,673
30;Mexico;1672,279;0,634
31;China;1669,973;0,633
32;Panama;1556,847;0,590
33;Colombia;1457,563;0,553
34;Myanmar;1442,145;0,547
35;Tuvalu;1320,977;0,501
36;Brazil;1216,305;0,461
37;Nicaragua;1177,242;0,446
38;Vietnam;1116,784;0,424
39;Honduras;1084,869;0,411
40;Kenya;1077,525;0,409
41;Republic of Mauritius;1035,371;0,393
42;Yemen;1007,867;0,382
43;Palau;980,218;0,372
44;Dominican Republic;909,325;0,345
45;Haiti;903,480;0,343
46;Jamaica;806,763;0,306
47;New Zealand;758,346;0,288
48;Venezuela;748,902;0,284
49;Taiwan;704,810;0,267
50;Federal Republic of Somalia;621,520;0,236
51;Netherlands;528,286;0,200
52;Oman;521,835;0,198
53;Bahrain;471,120;0,179
54;Samoa;416,175;0,158
55;Comores;410,543;0,156
56;United Arab Emirates;403,601;0,153
57;Thailand;332,582;0,126
58;Djibouti;304,615;0,116
59;Iran;269,060;0,102
60;Sri Lanka;261,554;0,099
61;Ecuador;213,962;0,081
62;East Timor;208,109;0,079
63;Costa Rica;179,853;0,068
64;Qatar;176,848;0,067
65;NA;173,618;0,066
66;Grenada;158,605;0,060
67;Antigua and Barbuda;125,075;0,047
68;Cambodia;116,900;0,044
69;Brunei;109,893;0,042
70;Guatemala;108,601;0,041
71;Singapore;95,659;0,036
72;Saint Kitts and Nevis;85,549;0,032
73;Trinidad and Tobago;77,437;0,029
74;Saint Vincent and the Grenadines;77,115;0,029
75;Barbados;64,058;0,024
76;Kuwait;63,648;0,024
77;Saint Lucia;62,699;0,024
78;Dominica;51,138;0,019
79;Nauru;15,353;0,006
80;Bangladesh;12,348;0,005
81;South Africa;9,008;0,003
82;Israel;0,288;0,000
