"pos";"SOVEREIGN1";"n_species";"n_endemic"
1;"Australia";2079;121
2;"Indonesia";2117;13
3;"Philippines";1883;6
4;"France";2150;11
5;"Papua New Guinea";1671;8
6;"United States";1766;17
7;"Fiji";925;2
8;"Solomon Islands";778;NA
9;"Saudi Arabia";509;NA
10;"Maldives";909;NA
11;"Cuba";478;NA
12;"Micronesia";1081;2
13;"Bahamas";462;NA
14;"Madagascar";647;NA
15;"Marshall Islands";880;1
16;"India";850;NA
17;"Malaysia";826;NA
18;"Egypt";507;1
19;"Kiribati";459;1
20;"Tanzania";678;NA
21;"Mozambique";937;NA
22;"Sudan";270;NA
23;"Eritrea";240;NA
24;"Japan";1690;1
25;"Seychelles";946;1
26;"Belize";371;1
27;"United Kingdom";1257;3
28;"Vanuatu";641;NA
29;"Tonga";1013;4
30;"Mexico";637;2
